,mean,std
0,0.03728508153564908,0.05230201175446141
1,0.02366539923528965,0.025189725977061057
2,0.01618796516360315,0.01719007629393556
3,0.01555352593600893,0.012474048756272515
4,0.012442820748807143,0.009979239005018013
5,0.010369017290672619,0.008316032504181677
6,0.008887729106290817,0.007128027860727152
7,0.008128974000265134,0.005877254546653514
8,0.00722575466690234,0.005224226263692014
9,0.0070010659390544894,0.004546624420455902
10,0.006662886805467956,0.004439297476261779
11,0.006107646238345627,0.004069356019906631
12,0.006462308054158886,0.004756250962717045
13,0.006270081543386647,0.004755412497714149
14,0.0058780140195411005,0.004406356689513807
15,0.0055305187547854155,0.004118022389554584
16,0.005205194122150978,0.0038757857784043137
17,0.004927492155466493,0.0036554150055678057
18,0.004668150463073519,0.0034630247421168687
19,0.0044347429399198435,0.0032898735050110248
20,0.0025704888631373902,0.0018795987064216403
21,0.002078427673121475,0.00195647974591896
22,0.002226119641673309,0.002334667529978177
23,0.0015436092290119958,0.0022251192649978533
24,0.0015436092290119958,0.0022251192649978533
25,0.0020059557966612984,0.0026390667388051948
26,0.0020059557966612984,0.0026390667388051948
27,0.0018650713837570308,0.0025710137410324143
28,0.002841923044241968,0.005053225487744819
29,0.002814431462059637,0.005055815551786017
30,0.0028195956019995212,0.004968047605684012
31,0.0028436202589844735,0.004954917964536164
32,0.0031038403022625814,0.005769186981564191
33,0.0031981884830111808,0.005773442903807741
34,0.003178735048726008,0.005783718166039736
35,0.0031628305595535005,0.005785768687653753
36,0.0031628305595535005,0.005785768687653753
37,0.0031525026234619892,0.005785882797229447
38,0.003828599038586164,0.007746605859237954
39,0.003828599038586164,0.007746605859237954
40,0.003828599038586164,0.007746605859237954
41,0.0038183743818555682,0.007751551650113426
42,0.0037312673392039817,0.007158169772381696
43,0.003850918115348493,0.007105004992639531
44,0.004065654377202696,0.007025153068751534
45,0.0038706181792828253,0.0070868310209370325
46,0.0038753502255878397,0.007088068003447786
47,0.0038753502255878397,0.007088068003447786
48,0.0028984985651029026,0.004307246904290723
49,0.0032503097323654155,0.005866233962092891
50,0.003963499352130468,0.00599677382665795
51,0.005178869941171777,0.0087196330484134
52,0.004985922208155262,0.006751632160887778
53,0.004703017182239285,0.006892545758512951
54,0.004703017182239285,0.006892545758512951
55,0.00470318317093847,0.006892950255218295
56,0.00470318317093847,0.006892950255218295
57,0.00470318317093847,0.006892950255218295
58,0.004027086755814293,0.005377088128358692
59,0.005028122021024758,0.005571497088873184
60,0.005450250951403108,0.005497851656797673
61,0.005450803610391842,0.005498324629879086
62,0.005416408842670235,0.0054700315601621885
63,0.005593635947317726,0.005841980671284689
64,0.005378899685463522,0.005659868561309305
65,0.005419842305114755,0.005435217920125543
66,0.005444910540202479,0.005419719971563462
67,0.005444910540202479,0.005419719971563462
68,0.005444910540202479,0.005419719971563462
69,0.004871647585701105,0.004349619771153268
70,0.003989239052516039,0.0036267373396706485
71,0.0028168118092376402,0.0027546261653634625
72,0.0028566930330813194,0.002207762205457618
73,0.002857086992770458,0.0022078025058356408
74,0.002857086992770458,0.0022078025058356408
75,0.0049967887845761266,0.004155879773539792
76,0.005359160802436624,0.004071023169172067
77,0.005359160802436624,0.004071023169172067
78,0.005992219419094491,0.005675798245550618
79,0.004991184153884026,0.0060137434636889885
80,0.0045690552235056765,0.00608100266213866
81,0.005083639681940746,0.007516244785707893
82,0.004995794672750597,0.007569821413072058
83,0.004698916791958595,0.007700582890879208
84,0.004698916791958595,0.007700582890879208
85,0.0043906638025779324,0.007819647840615227
86,0.004930464723662351,0.007677870579600057
87,0.004977723328038258,0.0076902568497043255
88,0.004977723328038258,0.0076902568497043255
89,0.004977723328038258,0.0076902568497043255
90,0.004977723328038257,0.007690256849704325
91,0.005027715304998192,0.00769553978340681
92,0.004385538481910841,0.007768702293769848
93,0.004696323084932789,0.007648434612019645
94,0.005165719693887195,0.007816757750129744
95,0.003119431488638306,0.004451654743051074
96,0.002909276949899281,0.0045475191168065365
97,0.0032693494415733833,0.004442550995087394
98,0.0030618809483041703,0.0036634446922309436
99,0.0036270433517620977,0.00416140170757678
100,0.0036270433517620977,0.00416140170757678
101,0.0036697939391706473,0.0042032005056758534
102,0.0037334798434455418,0.004277277453562613
103,0.0037361931222570977,0.004277096776148255
104,0.0037749950245184226,0.0042453265656406045
105,0.0038258554743512384,0.004309496025047107
106,0.003268741553813556,0.0034851507319782382
107,0.0032214829494376504,0.003485364575059282
108,0.0032214829494376504,0.003485364575059282
109,0.0032214829494376504,0.0034853645750592814
110,0.00342919910763081,0.0035341913402832767
111,0.0033122391279230127,0.0034510888506934516
112,0.0035351968003027832,0.0033801328373038253
113,0.0032339392117927378,0.0033755827963703913
114,0.0027799960998619528,0.0032482723832687097
115,0.0026878284372311876,0.003306771721763802
116,0.0025497049242509165,0.003328579583158176
117,0.002199962571097747,0.00329873683043345
118,0.001788127140310583,0.0026548260084310864
119,0.0012229647368526566,0.0015949117348939407
120,0.0012229647368526566,0.0015949117348939407
121,0.0008613685460433292,0.0012937999451496263
122,0.0012889081046502707,0.0017622729876783226
123,0.0013714307504109065,0.0018690121478839295
124,0.001737360820827906,0.0026122784640866246
125,0.0020013095441760416,0.0032833994312639115
126,0.0021681379458312745,0.0037333970681762457
127,0.0021681379458312745,0.0037333970681762457
128,0.0021681379458312745,0.0037333970681762457
129,0.0021681379458312745,0.0037333970681762457
130,0.0024827737402489066,0.005232467229053968
131,0.0024862509099631788,0.005230875434601826
132,0.002986734938978391,0.0051583712839097596
133,0.0038604928703165203,0.005838737518247829
134,0.004620283642225192,0.007289676453471686
135,0.005899043348316049,0.008929980810072695
136,0.0072176387427091895,0.011084247248519072
137,0.008537375088935935,0.012547595338101337
138,0.0093794192530454,0.01429741511499864
139,0.010232532516894583,0.016085880702556107
140,0.011795167483042799,0.018177206347643554
141,0.012751231507555591,0.01931981411452216
142,0.012260006044673753,0.01952544318563938
143,0.014159858061940426,0.021105397072833907
144,0.015227086536401382,0.02188504259138582
145,0.015407708329669954,0.021394924503868464
146,0.016358944366911477,0.021705864138473942
147,0.01712324149561139,0.023188601814043704
148,0.017644419185436293,0.024262043788420014
149,0.01811163767376469,0.025130282493102295
150,0.017589285721153897,0.0241007658988555
151,0.01966583546745067,0.02638037024594333
152,0.019170006237191065,0.026288909703415516
153,0.019195527372030414,0.02532402520238817
154,0.018477464788139768,0.024495763224976236
155,0.017588091230102233,0.02272650704438886
156,0.016837701652866167,0.021281860159622797
157,0.0158420120250084,0.020750587090701992
158,0.015195942489770756,0.019553098824111045
159,0.014697990040626645,0.018577398342293435
160,0.01351640219258298,0.016723335179986244
161,0.0130869842263826,0.01658963145915655
162,0.014400562453080403,0.016558649638954974
163,0.013038999906132743,0.01618783659298363
164,0.011567039458993459,0.014290815213759554
165,0.011071608492543938,0.014075226814834068
166,0.009941056771707703,0.013747687135777047
167,0.009176759643007786,0.01259149066070197
168,0.009219487143635272,0.012696291994366393
169,0.009204312305573354,0.013507290150978502
170,0.00979616475345867,0.015070884516084364
171,0.007716137837447625,0.012375961686559009
172,0.008068802577216538,0.013987460463190824
173,0.007723507727290403,0.01578436440228716
174,0.008141875239637133,0.01562498001149896
175,0.008660809684620059,0.017096117357974637
176,0.0083334196620181,0.016803791910214128
177,0.009254313671632123,0.01623746355280974
178,0.00904458435015881,0.01593154134691366
179,0.009373838424567536,0.014863952873964857
180,0.009144974306149311,0.013861995660088493
181,0.008937173851237677,0.012622605123233523
182,0.007865282517778198,0.013128746660161594
183,0.008335469785477705,0.014274140311049609
184,0.008335469785477705,0.014274140311049609
185,0.008335469785477705,0.014274140311049609
186,0.008335469785477705,0.014274140311049607
187,0.008335469785477705,0.014274140311049609
188,0.009275089604069,0.01278919309233429
189,0.009058262583042934,0.011663387242416176
190,0.008466410135157618,0.010490724331530425
191,0.008466410135157618,0.010490724331530425
192,0.007890894719874166,0.009519900821322572
193,0.007326989529421779,0.008811751884055743
194,0.008421217320216865,0.011275017128778736
195,0.008230615058078096,0.01119279658480285
196,0.008167018089497043,0.010508937534816612
197,0.006911747222993108,0.007827582751221411
198,0.006911747222993108,0.007827582751221411
199,0.006227332333879308,0.0072177529856856685
200,0.006075229032248784,0.007155466909948906
201,0.0064282646896936125,0.00792173275028555
202,0.006186577796455289,0.007910839124967423
203,0.005092865133864583,0.007934467300194948
204,0.005092865133864583,0.007934467300194948
205,0.005092865133864583,0.007934467300194948
206,0.005092865133864583,0.007934467300194948
207,0.005092865133864583,0.007934467300194948
208,0.0035893401248208987,0.0073077910171096844
209,0.003849256510866711,0.007229367689263163
210,0.003905706732957539,0.007389878901328125
211,0.003905706732957539,0.007389878901328125
212,0.0039000557341228813,0.007391093565235313
213,0.004308875908545432,0.007276237116410739
214,0.002739098920361974,0.0032150177729215533
215,0.0020199686768392886,0.0029919489375746576
216,0.001828655884724032,0.0030537334184233766
217,0.001828655884724032,0.0030537334184233766
218,0.001828655884724032,0.0030537334184233766
219,0.0022021201651783013,0.004015092258767859
220,0.002202040467122501,0.004015135961077733
221,0.0013338676922538695,0.0020467181001540364
222,0.0013338676922538695,0.0020467181001540364
223,0.0013340832499146161,0.002046577716307182
224,0.0013342475787268078,0.002046470653415069
225,0.0013342475787268078,0.002046470653415069
226,0.0013342475787268078,0.002046470653415069
227,0.0017774183422557444,0.002184481354247622
228,0.0017774183422557444,0.002184481354247622
229,0.001284899974770257,0.0019574554558465817
230,0.001228449752679429,0.0018761668115325654
231,0.0018274057591455902,0.003253380835802808
232,0.0022982613223678865,0.004546604301395825
233,0.003300497860543355,0.005770597955449881
234,0.0034738086063429846,0.005806945346995121
235,0.0034738086063429846,0.005806945346995121
236,0.0034738086063429846,0.005806945346995121
237,0.003607546917179477,0.005866423140472329
238,0.004050594898805649,0.0062461918428809125
239,0.0036771306183513803,0.005907918185522106
240,0.0036771306183513803,0.005907918185522106
241,0.0036771306183513803,0.005907918185522106
242,0.0036771306183513803,0.005907918185522106
243,0.0037339278374149487,0.0058749680836031075
244,0.0037337635086027573,0.005875056552351365
245,0.004045885579081394,0.005722640409624809
246,0.004274116039216735,0.006186779414191958
247,0.004117617436516614,0.005580125984323164
248,0.004201157166189819,0.005523825366875284
249,0.004198913423616072,0.005525265818101466
250,0.004796662254222735,0.005440089248024753
251,0.004331685922614535,0.00461211874508297
252,0.004000305928167464,0.004458649920325039
253,0.002589249215569446,0.00304417224692362
254,0.002646474288088342,0.0027287088394573867
255,0.002646474288088342,0.0027287088394573867
256,0.00265095900148038,0.002735183867230388
257,0.002517220690643888,0.002588745711196124
258,0.0033072946701087095,0.003799027251192988
259,0.003307294670108709,0.003799027251192988
260,0.0035731981376022513,0.0036773158789985324
261,0.0035731981376022513,0.0036773158789985324
262,0.0035731981376022513,0.0036773158789985324
263,0.003516185360877936,0.0037275102877589055
264,0.005443474044200849,0.006077766276281369
265,0.005689618112270076,0.007118785174809763
266,0.006224551656807213,0.007474260359586736
267,0.0059378794959783964,0.00749222682683126
268,0.006401496408695953,0.007276782016306498
269,0.007027194144762288,0.007431409711543974
270,0.006949517831333983,0.00785897014077869
271,0.007450540454106931,0.00849002683303024
272,0.008443778219951334,0.01067604406180137
273,0.008443835999474604,0.010676058403214657
274,0.00821944132058568,0.010832123797839502
275,0.00821944132058568,0.010832123797839502
276,0.008214956607193642,0.01083091949161782
277,0.008214956607193642,0.01083091949161782
278,0.006981834646102647,0.01050853674857028
279,0.006981834646102647,0.01050853674857028
280,0.006774619049925751,0.009859886826968343
281,0.006774619049925751,0.009859886826968343
282,0.006774619049925751,0.009859886826968343
283,0.006774619049925751,0.009859886826968343
284,0.004847330366602839,0.0072600944556364694
285,0.004836220870445737,0.00724168947759356
286,0.004073056865773258,0.007225916244460646
287,0.004073056865773258,0.007225916244460646
288,0.0035259002233824963,0.006137423714738341
289,0.0035191394579387066,0.005630267262988943
290,0.003753786227963982,0.00621253922637885
291,0.0031216425062471275,0.006130607490763754
292,0.0033110657994183195,0.006563012723167876
293,0.0033110080198950503,0.006562920139792761
294,0.0034703998846999685,0.006522473704302234
295,0.003931621852118064,0.007352122059938427
296,0.0044314885184030565,0.007382829701904231
297,0.004696854768150762,0.00726553595050004
298,0.004715541659505896,0.007301130509075364
299,0.004715541659505896,0.007301130509075364
300,0.004656853788189252,0.007284363689910709
301,0.004656853788189251,0.007284363689910708
302,0.004656853788189252,0.007284363689910709
303,0.004656853788189252,0.007284363689910709
304,0.005586014485262108,0.00932124833431328
305,0.0050388578428713455,0.008067632204463547
306,0.005142027973172923,0.008009075953794218
307,0.005142027973172923,0.008009075953794218
308,0.005142027973172923,0.008009075953794218
309,0.0049037672154279375,0.007123774516767516
310,0.004149047928224306,0.006664875843347594
311,0.004146189352310251,0.006664540040359359
312,0.0028240527245194298,0.0034114959898790837
313,0.003850617871901031,0.003914675044318384
314,0.003685084867666511,0.0038312714199459793
315,0.0037980217830649943,0.00453547467669691
316,0.0037185064469769783,0.0044580058639808896
317,0.0034531401972292737,0.004118998766928208
318,0.0034354257496334597,0.004133606413629963
319,0.0034354257496334597,0.004133606413629963
320,0.003887469399899935,0.004094069873962108
321,0.004953912586200535,0.0063718957451273294
322,0.004953912586200535,0.0063718957451273294
323,0.004953912586200535,0.0063718957451273294
324,0.004024751889127679,0.006349037842035741
325,0.004024751889127679,0.006349037842035741
326,0.003921945283039073,0.006331355341483627
327,0.003926708754042568,0.006328422802208472
328,0.00395408662460668,0.006312169085970991
329,0.00357303950650213,0.006186022236908478
330,0.004876785826481765,0.006651916047409358
331,0.004883557433009665,0.006647311836180658
332,0.004884473854869133,0.006646693259409317
333,0.0038670632337950983,0.004544166366933
334,0.0038670632337950983,0.004544166366933
335,0.0033173450989255017,0.004582995898987699
336,0.0029314914726236885,0.0047712203062006365
337,0.0029820335159230073,0.0047470599183850656
338,0.0029979611617429068,0.004739722695401732
339,0.0030342367293987324,0.0047264540559892815
340,0.003801521885192677,0.007909094407213182
341,0.0027519787884712973,0.007623080761723481
342,0.0027519787884712973,0.007623080761723481
343,0.003418247358213488,0.00921418655211995
344,0.0036757319649774376,0.00915082655108535
345,0.004105650253574542,0.009068658411828698
346,0.004174308725077526,0.009041436674834796
347,0.004169545254074031,0.00904210265924202
348,0.00414216738350992,0.009046367165066366
349,0.00414216738350992,0.009046367165066366
350,0.0028384210635302855,0.005221450205454411
351,0.00460457950821787,0.006980959160045255
352,0.004603663086358401,0.0069812303974178345
353,0.0045945085600508345,0.006987198631256319
354,0.0045945085600508345,0.006987198631256319
355,0.004570067812103852,0.006944502883817534
356,0.004535570108208689,0.006878739830629097
357,0.00448502806490937,0.0068953020999868685
358,0.00446812797533015,0.006901574475590966
359,0.004902439049259974,0.006858524449520231
360,0.0036962554938500293,0.0054346122476501765
361,0.003679355404270809,0.00542713581547395
362,0.0041499420458564595,0.005747275137031909
363,0.004180086694163842,0.005904985673432466
364,0.005171939122115934,0.006668050505225993
365,0.00474202083351883,0.006846662901654258
366,0.0049236675807527355,0.007195148735289779
367,0.005211655799373827,0.00735213661545013
368,0.0067621155472401525,0.00860965980508271
369,0.00733747029721708,0.008326122095798924
370,0.007338709206770784,0.008325050616041494
371,0.006158745601956801,0.0069903820616891545
372,0.006734100351933728,0.007189404661453347
373,0.006734100351933728,0.007189404661453347
374,0.006932374608522643,0.007030504690620246
375,0.006932374608522643,0.007030504690620246
376,0.006932374608522643,0.007030504690620246
377,0.006932374608522643,0.007030504690620246
378,0.006932374608522643,0.007030504690620246
379,0.00804536621737394,0.0072181446546603035
380,0.008032220966723463,0.007229023113900248
381,0.008032220966723463,0.007229023113900248
382,0.007561634325137813,0.0065412813449915
383,0.006910231342691616,0.006477521954216661
384,0.006622222332302233,0.008399500907526697
385,0.007391589294419754,0.0091484744007233
386,0.007140920551469893,0.008774970041057685
387,0.006852932332848801,0.008955002364434212
388,0.0053024725849824764,0.007418248064558626
389,0.0050858661326874405,0.008314810978525586
390,0.005247554427213907,0.008229866545951557
391,0.004812709847205943,0.00702209455301048
392,0.004237355097229014,0.00618576407256126
393,0.004237355097229014,0.00618576407256126
394,0.0040390808406401,0.00623516271972637
395,0.0040390808406401,0.00623516271972637
396,0.0040390808406401,0.00623516271972637
397,0.004281497486684679,0.006549893972293226
398,0.005128452550515637,0.006868719857506743
399,0.0036410356034718384,0.005175324157399604
400,0.004070924616995733,0.005332197838403158
401,0.004570761646894931,0.0057488114452310685
402,0.004570761646894931,0.005748811445231069
403,0.005027914471389298,0.005641265752704369
404,0.004979415011407278,0.006036446442662736
405,0.0042100480492897555,0.00472283580483493
406,0.0042100480492897555,0.00472283580483493
407,0.004315527082782749,0.004735404146713266
408,0.004328805113742827,0.004746436746996514
409,0.0039700568160609346,0.004430966514622651
410,0.003807129611980763,0.004295625631448852
411,0.0036490077455872292,0.004223438639736642
412,0.003676941497820789,0.004232415831084799
413,0.003676941497820789,0.004232415831084799
414,0.003964525107187653,0.004496512072562298
415,0.003964525107187653,0.004496512072562298
416,0.003964525107187653,0.004496512072562298
417,0.0037221084611430725,0.00426343291321005
418,0.0042603701255668975,0.007190112132684647
419,0.004164208822173748,0.007188694790460896
420,0.003734319808649856,0.007233110830009038
421,0.0032344827787506567,0.005788343485565383
422,0.0032344827787506567,0.005788343485565383
423,0.003699090553074608,0.007425040618393034
424,0.0027874885091881364,0.005040872346027786
425,0.0027874885091881364,0.005040872346027786
426,0.0027874885091881364,0.005040872346027786
427,0.002682009475695143,0.005086851000866734
428,0.002668731444735066,0.0050833055528524945
429,0.002668731444735066,0.0050833055528524945
430,0.002668731444735066,0.0050833055528524945
431,0.002668731444735066,0.0050833055528524945
432,0.0026645821029166092,0.005165662560176012
433,0.0036412139474517303,0.005973356868022535
434,0.0047772920254993325,0.008139291167575684
435,0.0047772920254993325,0.008139291167575684
436,0.0047772920254993325,0.008139291167575684
437,0.005956332992865253,0.008215476438579297
438,0.004571116264610471,0.005580014842631022
439,0.004571116264610471,0.005580014842631022
440,0.004571116264610471,0.005580014842631022
441,0.00616143765749479,0.008056126605666398
442,0.0061619596524879194,0.008056647390499452
443,0.005195188818066225,0.007712751653762211
444,0.005193962297608058,0.007712889926941616
445,0.005193962297608058,0.007712889926941616
446,0.005193962297608058,0.007712889926941616
447,0.0053188401098670105,0.007866310054119785
448,0.0060936304813510875,0.008912775774225154
449,0.006790043699400662,0.010307625096622168
450,0.006820013435209729,0.010303711872019887
451,0.006820130199577566,0.010303698157161747
452,0.007843036626736681,0.011815938410596742
453,0.006866404782201558,0.009750527913929191
454,0.00547938508231823,0.009598337418696512
455,0.005872096110676035,0.010457188045407927
456,0.0058725634727619155,0.010458247204868628
457,0.005288761513058847,0.009590079309698666
458,0.005381133677414705,0.009849302017702306
459,0.005393888500975611,0.009885171984378405
460,0.005662014687174687,0.009770934680017641
461,0.004071693294290368,0.008386449415363581
462,0.004571008329196437,0.009861082761247177
463,0.004932380693981995,0.009921395478981972
464,0.004932538547583315,0.009921854191150426
465,0.004932538547583315,0.009921854191150426
466,0.005828041206809361,0.01054639203777781
467,0.0057031633945504095,0.01021711129930979
468,0.0049498832175104025,0.008537032730680768
469,0.004877135313396185,0.007057070710671258
470,0.0048471655775871175,0.007075728912148656
471,0.005688183103763551,0.006986063704526572
472,0.004641492266189332,0.005236261930300406
473,0.0049626933407541235,0.005036394103767015
474,0.0055310603527588004,0.00573745965349768
475,0.005138349324400994,0.005365393396263041
476,0.005425075476308772,0.005930666069406695
477,0.004829836468645921,0.006029674013908555
478,0.004737464304290064,0.006017318241682412
479,0.004724709480729157,0.006016613116460593
480,0.00482991017568766,0.00548680766312793
481,0.00523873035011021,0.005767562094726052
482,0.0048706045431467825,0.005879558587836446
483,0.0045092321783612235,0.005500058081473027
484,0.004509074324759904,0.00550018487053613
485,0.004509074324759904,0.00550018487053613
486,0.003613571665533858,0.0054324126601752315
487,0.004158589846667374,0.006172319654563159
488,0.004137079652223302,0.006151071622029181
489,0.0036048627810002453,0.005450309275226828
490,0.003923400741196575,0.006185125059834335
491,0.0030822664506523056,0.005847000307075659
492,0.0030822664506523056,0.005847000307075659
493,0.004633035131173956,0.008445319266771233
494,0.004185227308298827,0.006939734380558123
495,0.004185227308298827,0.006939734380558123
496,0.0038989688232404507,0.00631212615952263
497,0.004151329486329797,0.0068050789297368726
498,0.004156045322623257,0.0068034193688608436
499,0.004799908348499594,0.006685425741710396
500,0.005441196804577377,0.00659787964543317
501,0.0050323766301548275,0.005874379125960334
502,0.004994367941522791,0.005828444779826152
503,0.004994367941522791,0.005828444779826152
504,0.005123068282612446,0.0061026113362027965
505,0.00519711663518203,0.006098249214121326
506,0.00519711663518203,0.006098249214121326
507,0.004652461978261486,0.005717409702538092
508,0.004763417308464394,0.005744975128770187
509,0.0046719688657520944,0.005657375590059722
510,0.004355703337533594,0.005455549388882899
511,0.0043662409725621736,0.005458791835818342
512,0.0043662409725621736,0.005458791835818342
513,0.0025894709078349474,0.0028308208126001633
514,0.002433057907450876,0.002763699020756212
515,0.002463636150292492,0.0028206541537200477
516,0.002501231479834662,0.002827828150521717
517,0.0022488708167453164,0.002428809611119176
518,0.002244154980451856,0.0024313050803685906
519,0.0020237108186089764,0.0020858987603348746
520,0.0010093244375134597,0.001161607665428557
521,0.0010093244375134597,0.001161607665428557
522,0.0009156219032097254,0.0012006140071423718
523,0.0009156219032097254,0.0012006140071423718
524,0.0007869215621200699,0.0012204144952365518
525,0.0007128732095504858,0.001243236617476928
526,0.0007128732095504858,0.001243236617476928
527,0.0009674194460338239,0.0015755705377411644
528,0.0008708538284353427,0.0015730611969314346
529,0.00240855963093648,0.004653153618764548
530,0.0029708141943617697,0.004670156458754468
531,0.003162576586461967,0.004761488806835963
532,0.003162576586461967,0.004761488806835963
533,0.00306737689610275,0.004753914127231408
534,0.0030670851318707016,0.004753917267049454
535,0.004882273308016343,0.00788881500569946
536,0.00485872293327256,0.007907958270828977
537,0.005132212084294777,0.007781555575524373
538,0.0051334772401946584,0.007781167097892022
539,0.004710058376161201,0.007801325770117375
540,0.0052571206518282,0.007632001603051485
541,0.0052571206518282,0.007632001603051485
542,0.005522807390832779,0.00829532026669732
543,0.00690019104048688,0.008952717072764306
544,0.006971321592512296,0.008946631023170625
545,0.0069807851882227,0.008945180122587028
546,0.0069807851882227,0.008945180122587028
547,0.006950541699006938,0.009324994105402395
548,0.0069783300170675995,0.009313702625558685
549,0.0063051555200516075,0.008745920228173961
550,0.0071003512408514225,0.0107821797008017
551,0.006935437182022959,0.010864423916155939
552,0.006935437182022959,0.010864423916155939
553,0.006935437182022959,0.010864423916155939
554,0.007192425376742344,0.010746041255932365
555,0.0055826960945433175,0.006418491682616441
556,0.005567716110809649,0.006431256420586708
557,0.005295503792551048,0.0060691263872728945
558,0.005294238636651166,0.006067649468798332
559,0.005294238636651166,0.006067649468798332
560,0.004746947404844324,0.006114389461590798
561,0.004746947404844324,0.006114389461590798
562,0.004481260665839744,0.0055975184916927994
563,0.003103877016185643,0.004904467946502152
564,0.003032746464160228,0.004942659480603473
565,0.0030232828684498237,0.004948398927280801
566,0.0030232828684498237,0.004948398927280801
567,0.0027986165969692755,0.004626582599965467
568,0.0029291672054481558,0.0048453574160704635
569,0.0026229020385108727,0.0042230054011680234
570,0.001396180708763947,0.0021930847005241414
571,0.002068985739070263,0.0032271386441236295
572,0.0024542276771722504,0.0038332118828066216
573,0.0024542276771722504,0.0038332118828066216
574,0.0021967430704083017,0.003454351632797935
575,0.0023158667483251434,0.0031969931808348783
576,0.002315866748325144,0.0031969931808348796
577,0.0024752884647945917,0.003229449939993544
578,0.00318999994239987,0.004672591570677945
579,0.00318999994239987,0.004672591570677945
580,0.00318999994239987,0.004672591570677945
581,0.0035112010169646617,0.005115593922407846
582,0.003910027224647552,0.005258068394977155
583,0.003910027224647552,0.005258068394977155
584,0.003910027224647552,0.005258068394977155
585,0.003910437344703265,0.005257763554866019
586,0.004357960558467076,0.005109364636928856
587,0.004357960558467076,0.005109364636928856
588,0.004775854488023904,0.005512824723437833
589,0.0042175883494760405,0.005045574551887697
590,0.004084586963020033,0.004750497779112505
591,0.0035138198031126784,0.004495633097491994
592,0.00481327436066822,0.006190848684373404
593,0.00481327436066822,0.006190848684373404
594,0.005131263424487364,0.006400837145803397
595,0.004776102609782291,0.006175462606153116
596,0.004776102609782291,0.006175462606153116
597,0.005032524940482447,0.00692664694160023
598,0.004317813462877168,0.006107796133900488
599,0.004317813462877168,0.006107796133900488
600,0.004317813462877168,0.006107796133900488
601,0.003996612388312377,0.0062405187947850395
602,0.004530732212258696,0.008521500044960117
603,0.004530732212258696,0.008521500044960117
604,0.0048858930269637686,0.008398389057881303
605,0.005943713673109147,0.008042969309062481
606,0.005847799665903359,0.006935423184517429
607,0.005847799665903359,0.006935423184517429
608,0.005257177097202563,0.0067262951084639715
609,0.005793445322409748,0.006782478418890497
610,0.005793445322409748,0.006782478418890497
611,0.0062902069697743455,0.007287971235309159
612,0.004936388889683889,0.0063081131301802075
613,0.004936388889683889,0.0063081131301802075
614,0.004952854794819148,0.0063038459279412635
615,0.005722897940624303,0.006119423806780976
616,0.005722897940624303,0.006119423806780976
617,0.0053057770606910835,0.005702987202068071
618,0.005589321606482012,0.005498981025471819
619,0.005589321606482012,0.005498981025471819
620,0.005589321606482012,0.005498981025471819
621,0.007029813191413478,0.0074159293636689985
622,0.00634670421624272,0.008191333365991996
623,0.00634670421624272,0.008191333365991996
624,0.006102233205136989,0.007759793673596836
625,0.005044002438935899,0.00785822278074078
626,0.006875640007145023,0.012149171190891593
627,0.00704616743803461,0.012301704078872733
628,0.00704616743803461,0.012301704078872733
629,0.0065100755189336015,0.011889952776017362
630,0.006828064582752745,0.01175335107765569
631,0.006191879096688874,0.011551501323738715
632,0.005942059197283982,0.011554005203922047
633,0.006494742674446366,0.011548684032705375
634,0.006354616304374759,0.011504636009564436
635,0.0057568230887611056,0.009748970791921621
636,0.0057568230887611056,0.009748970791921621
637,0.006328571411476932,0.009687106473278296
638,0.006063526888127587,0.009825994789698016
639,0.0060794379869895205,0.009820166827931789
640,0.0060794379869895205,0.009820166827931789
641,0.004638946402058055,0.0058202157593925654
642,0.004431294739659889,0.005190107763265088
643,0.004605284568136152,0.00527823516225938
644,0.004494594764536811,0.005331450808202659
645,0.004494594764536811,0.005331450808202659
646,0.0023415348032638393,0.002405321701622498
647,0.002171007372374253,0.0021800574954650405
648,0.002171007372374253,0.0021800574954650405
649,0.0021708310662680763,0.00217987468080939
650,0.0018528420024489325,0.002122416730004758
651,0.0018528420024489325,0.002122416730004758
652,0.0022666221458869586,0.002624455555155554
653,0.0017139386687245732,0.0022876163199621767
654,0.0015196100698417782,0.0021761888059504747
655,0.0013473601396502767,0.0017967232011739216
656,0.0013473601396502767,0.0017967232011739216
657,0.0007756118169344489,0.0015074852310313653
658,0.0007571117944928662,0.001494345448701232
659,0.0014668675416801267,0.0024326895174805008
660,0.0014668675416801267,0.0024326895174805008
661,0.0014668675416801267,0.0024326895174805008
662,0.0014246821476198413,0.002448814922441831
663,0.0012506923191435773,0.0024818255105514037
664,0.0015134049063938056,0.0031521913105702613
665,0.0020126569972168168,0.003950876800294633
666,0.001982470183722641,0.003964960934626414
667,0.0025695069656601253,0.005307185292695876
668,0.0025695069656601253,0.005307185292695876
669,0.0035564717751016494,0.007167356557482948
670,0.0047369745897700155,0.01010714702422765
671,0.005221965960044178,0.009983816256223101
672,0.005923651289188046,0.010057068505263762
673,0.005923651289188046,0.010057068505263762
674,0.005923651289188046,0.010057068505263762
675,0.005923651289188046,0.010057068505263762
676,0.005923651289188046,0.010057068505263762
677,0.005923651289188046,0.010057068505263762
678,0.005923651289188046,0.010057068505263762
679,0.005197984443138852,0.008287296383237835
680,0.005953730072925009,0.00812175697758173
681,0.0062272192239472245,0.00796112693519704
682,0.006242971211820539,0.007958835441048482
683,0.006242971211820539,0.007958835441048482
684,0.005980258624570311,0.0073807627201627635
685,0.005858243180670805,0.006776624009987019
686,0.005858243180670805,0.006776624009987019
687,0.005274005350270208,0.006390726376398181
688,0.005274005350270208,0.006390726376398181
689,0.004342367403499904,0.004253698659282138
690,0.0032935144249869102,0.003428431597509614
691,0.002817658898371217,0.0035268133169045848
692,0.0020178127160491665,0.0030933634173429003
693,0.0020179628332533625,0.00309363291567178
694,0.0020179628332533625,0.00309363291567178
695,0.002142749798846602,0.0030569856406030198
696,0.002142749798846602,0.0030569856406030198
697,0.0026228912554180227,0.004116475368394042
698,0.0026230000874391535,0.004116606231172649
699,0.0026230000874391535,0.004116606231172649
700,0.0021636410450522046,0.0037812139024395457
701,0.0026007051213022803,0.0039933407547368014
702,0.002584953133428966,0.003953592807618983
703,0.002589575124580186,0.003954078631666312
704,0.002589575124580186,0.003954078631666312
705,0.002212338477656682,0.003067206148779655
706,0.003405622108615705,0.005329499068813355
707,0.003673577416590812,0.005372580934225608
708,0.0042424814587306015,0.005849178286273805
709,0.004745420734607243,0.006744273470222315
710,0.005522865121752674,0.006742630547997498
711,0.005747393740165233,0.00681496031859539
712,0.005444963627198833,0.006715841697059237
713,0.006074637141197868,0.008040206210129986
714,0.006419285320617996,0.008259363047480334
715,0.006742021568788566,0.009311847093143708
716,0.00719863131653248,0.010479477717398811
717,0.006965828545854927,0.011336604307069178
718,0.0069657197138337954,0.011336610647912707
719,0.007005436404449447,0.011340133879899914
720,0.007173935080784262,0.011544159247984756
721,0.006463381853511969,0.0111130207174716
722,0.006463381853511969,0.0111130207174716
723,0.006888648875884642,0.010937935248657063
724,0.007770471037021541,0.011509875517286135
725,0.008240827065464675,0.012202514020935772
726,0.00704768619447316,0.011960977770123277
727,0.006776931934961167,0.011278077833115943
728,0.006208027892821378,0.009907135466871443
729,0.005649761754273514,0.008678089544908849
730,0.0047406675309727125,0.0071402210850602344
731,0.004507003068901685,0.006941528342141424
732,0.004412755375446059,0.006948865007315956
733,0.003922407313018053,0.005544357014747377
734,0.003577759133597927,0.0053337662749608555
735,0.003253933269954652,0.0045734868178091215
736,0.0029265719026925797,0.004078178490845896
737,0.0031267564305625223,0.004212530370364596
738,0.0031267564305625223,0.004212530370364596
739,0.003279032153048666,0.004319847547722083
740,0.003214892470424703,0.003961506375725873
741,0.0032342110592546965,0.0039526509459482575
742,0.0032878946587777185,0.003911794815384553
743,0.0032859700002489988,0.005039055298241651
744,0.002527505211742801,0.0046980438555736135
745,0.0022741940799724746,0.00467407105426205
746,0.0022740513200049657,0.004674140490384493
747,0.002509267949245376,0.004701978448442647
748,0.0031938498304678988,0.006679876771040958
749,0.0031945727798908543,0.006681722799941011
750,0.0031945727798908543,0.006681722799941011
751,0.003194572779890854,0.0066817227999410094
752,0.003848335490203998,0.008607355760543577
753,0.003742671121016423,0.00872701180160329
754,0.005423423277254901,0.010032230921830549
755,0.005305149302394518,0.010088513220211866
756,0.005303314259591435,0.01013874161837627
757,0.004855791045827624,0.008923604273828866
758,0.0055675150491406675,0.008712913622880642
759,0.005741554977312104,0.009178610577330156
760,0.005340809396202043,0.008409574654174624
761,0.005942293961824029,0.008595013024994245
762,0.005888610362301006,0.008599922065147026
763,0.005460700405580032,0.007564451524805027
764,0.00533734303294933,0.007583262670106166
765,0.005120298136276522,0.007086863647411651
766,0.005120298136276522,0.007086863647411651
767,0.005387559744819541,0.007387875661473402
768,0.004702977863597017,0.006131035789836684
769,0.004702254914174063,0.006130132392488266
770,0.005742660492351846,0.006997357593765478
771,0.006594050067223989,0.008574893870700177
772,0.006509888559388005,0.007680596078120281
773,0.006618384847582442,0.008001802624287858
774,0.004937632691343964,0.004918577942244185
775,0.004969595284384125,0.004941270264480879
776,0.004842181946705365,0.005050144703474554
777,0.006493122109346288,0.006946857820687224
778,0.005781398106033245,0.006575434628886178
779,0.005415365764760016,0.00652567030171569
780,0.005415365764760016,0.00652567030171569
781,0.004794562610308037,0.005856223608878867
782,0.004794562610308037,0.005856223608878868
783,0.006341364097298814,0.008469917523707265
784,0.006364211307043764,0.008501098495325892
785,0.006364211307043763,0.008501098495325888
786,0.006364211307043764,0.008501098495325892
787,0.00587818615703068,0.008704885584712564
788,0.005898235063898741,0.008691544641621831
789,0.0058995912611211985,0.00869062520597461
790,0.004862038792512584,0.00870356987860059
791,0.004054118324240663,0.006853942435169809
792,0.003484517121763504,0.0058270921178745425
793,0.0033422096339814156,0.0055064728079235875
794,0.003359802971246287,0.005497953488768664
795,0.003518708516969,0.0054016499906059424
796,0.003518708516969,0.0054016499906059424
797,0.0021496290498685413,0.004654475233138514
798,0.0021811432973753574,0.004640860926833762
799,0.002887313732355486,0.006317786877423507
800,0.002887313732355486,0.006317786877423507
801,0.002887313732355486,0.006317786877423507
802,0.002889184399951821,0.006317002050446047
803,0.0013431408171591872,0.0020629169577089223
804,0.0013603060377480052,0.002054422867159545
805,0.0013603060377480052,0.002054422867159545
806,0.0013603060377480052,0.002054422867159545
807,0.001344907829144845,0.0020618948913234034
808,0.001838455342259924,0.002612911651454888
809,0.0042340918275559055,0.005919415633666758
810,0.004231238717986734,0.005921448518508117
811,0.0041877696113865135,0.0059493973108654475
812,0.0041877696113865135,0.0059493973108654475
813,0.0041877696113865135,0.0059493973108654475
814,0.0041857789495866795,0.005951581204577269
815,0.004832836910051889,0.007557800871742148
816,0.0049046710221097925,0.007577551672341977
817,0.0046228103265693295,0.007701315299985753
818,0.004591296079062513,0.007690798595810821
819,0.003941011363952305,0.006516610541474338
820,0.004599080730554676,0.00757124285524611
821,0.0048591718671951115,0.007452528745192687
822,0.004868052791302256,0.007443564582875973
823,0.005115177703795127,0.007513912602322763
824,0.005075165273461359,0.0074450219670935125
825,0.005075165273461359,0.0074450219670935125
826,0.005075165273461359,0.0074450219670935125
827,0.005499700517682829,0.007410865214654659
828,0.0049861040976996885,0.007374190539061063
829,0.0026300367161575552,0.0032697538867636597
830,0.002961452063170981,0.0038047507281435415
831,0.0032979283546200984,0.004510450466256529
832,0.003711814853605988,0.00548139706863193
833,0.003731268287891161,0.005530701338591192
834,0.00402587594418588,0.005647838233465712
835,0.0032019799039828176,0.005253833254113167
836,0.003653088742040546,0.006047960800004039
837,0.004154826798014355,0.006008185171802226
838,0.004154826798014355,0.006008185171802226
839,0.004691020842759158,0.006431763835241321
840,0.004032951476156787,0.006003941575599493
841,0.003916013450707122,0.005672788802821729
842,0.003909569856794028,0.005670525226240566
843,0.003661632641828814,0.005780578565368196
844,0.0038053775789824392,0.005783131626005206
845,0.0038053775789824392,0.005783131626005206
846,0.0038053775789824392,0.005783131626005206
847,0.0033797874555937845,0.004633108470150661
848,0.0039031404128517543,0.006054484580464045
849,0.004170759582510101,0.006155386288522787
850,0.003839344235496675,0.005280832783495874
851,0.003502867944047558,0.004442895832493521
852,0.003093697281355128,0.0035494212211664876
853,0.003074243847069956,0.0035115788342235136
854,0.002764718240150228,0.0036250539974284008
855,0.003469692415540049,0.0036903210448672873
856,0.003287915526938459,0.003450627629811396
857,0.0030488900582148794,0.003911168584680059
858,0.003538780331219084,0.004996282096850547
859,0.003394639481549894,0.004881875302888136
860,0.003843705801225008,0.006051213233819708
861,0.004328861850463566,0.007438377694113689
862,0.004324597459993798,0.0074262814767123205
863,0.005459529553396435,0.009196154074457823
864,0.005448464116888209,0.008771695400885553
865,0.005871933080760929,0.009982898583540706
866,0.00644153428323809,0.01163200607565195
867,0.006772567371559103,0.01259772499254185
868,0.006728060387677336,0.012611814571871976
869,0.006621348406878533,0.012070316790355936
870,0.007030168581301082,0.01327034062572536
871,0.007545305698724884,0.014788617932511896
872,0.008335300560575732,0.014789060330166224
873,0.008650109733756683,0.01570727435372183
874,0.009671251541454928,0.017389146169234763
875,0.008946823931779934,0.01761183721394118
876,0.008790462434214438,0.016710772385349
877,0.00852774984696421,0.01596259678781074
878,0.008570558690541217,0.014389789459734605
879,0.009826591216340719,0.015252471580450374
880,0.009377524896665605,0.014020602858519821
881,0.009372741131127474,0.014401709256790927
882,0.009533245714917754,0.014841011282494704
883,0.008398313621515116,0.012945783682835029
884,0.008498498583817725,0.013556094610212923
885,0.008075029619945006,0.012396991182812244
886,0.008143189676389427,0.011703399969954564
887,0.007955901525222037,0.010973350865978528
888,0.0074770555518458345,0.010598959436102054
889,0.007417530549792076,0.010599983413760644
890,0.007008710375369526,0.009546024758719086
891,0.007301268865191804,0.009415218270932493
892,0.0078030653696508755,0.009477574275387804
893,0.007488256196469922,0.008677376838334333
894,0.0064664296639316485,0.007446809645337109
895,0.006994668479424884,0.0076880206634280385
896,0.007070517980848723,0.007798032876579339
897,0.007719620609217125,0.00928605972925377
898,0.007186921492635915,0.00954009326572366
899,0.005482950051890879,0.008175903244050852
900,0.006088873859769299,0.007969558028697431
901,0.005732836995934293,0.006409799332462419
902,0.005675458935124974,0.006082992264436741
903,0.006256625349243083,0.007534053758314906
904,0.006104819402457259,0.006926753379507532
905,0.0061048194024572585,0.00692675337950753
906,0.00597187276744734,0.00656042679727312
907,0.0065693485646265955,0.0072202254010552335
908,0.0073553879334824716,0.007714375576743155
909,0.007213080445700381,0.007441812372474231
910,0.007323770249299724,0.007652598808398681
911,0.006516218844041024,0.006427475505093893
912,0.005380754191388057,0.005663624778913026
913,0.005380754191388057,0.005663624778913026
914,0.005419673745405685,0.0056409901324995845
915,0.005609165462510725,0.0064158497851060535
916,0.0053653863885862905,0.006567775362296942
917,0.005336866238099856,0.0061948023693999465
918,0.0055892269011892015,0.006569812626560092
919,0.0055892269011892015,0.006569812626560092
920,0.004983303093310781,0.005487822144714002
921,0.004789122431298474,0.005472623773175577
922,0.004800030336323474,0.00535887273304805
923,0.004584896263478593,0.004920641066741517
924,0.004503837747316412,0.0049531646496499965
925,0.004503837747316412,0.0049531646496499965
926,0.003999023123404752,0.005153343697810009
927,0.0032578023890718704,0.003994618355783103
928,0.002471763020215996,0.0039574684710769244
929,0.002471763020215996,0.0039574684710769244
930,0.0023610732166166547,0.00367994061546902
931,0.0025846176886079194,0.004248914214700713
932,0.002813248259945556,0.005351950515518577
933,0.003235131937434796,0.006450178979406467
934,0.003878908056268976,0.007250961162252442
935,0.0046499071720669995,0.008569685461697472
936,0.004956093819049608,0.00923083429422509
937,0.0046669091494700625,0.00792298328976188
938,0.004414861138417196,0.007241834258558483
939,0.004414861138417196,0.007241834258558483
940,0.004978766328869583,0.008780766500283704
941,0.005273485808164739,0.008808797840318568
942,0.005712666992306863,0.00949018102285031
943,0.005466591779227112,0.008842992629645847
944,0.005466591779227112,0.008842992629645847
945,0.006824881113091573,0.0104851871009579
946,0.00781383283695621,0.011837923327061335
947,0.007814158314090432,0.011837788057955895
948,0.008047022777038438,0.01235770303551559
949,0.008061923604085735,0.012367284451479627
950,0.009199518200747764,0.012362963458061272
951,0.008975829526769116,0.011885120162794516
952,0.008586156405481068,0.011101826414746961
953,0.008164272727991828,0.010358631520462645
954,0.007481577055140021,0.009615053043771945
955,0.005992847406743721,0.007358364576073131
956,0.005806485773269761,0.006785327946042405
957,0.00547508796496734,0.006508964603585411
958,0.0054762748972989415,0.006507947974959763
959,0.005903469691744635,0.006298193248601382
960,0.005444829403140608,0.0054097830065028205
961,0.0050768020548015635,0.005081620542858765
962,0.004970542330765351,0.004698983508892632
963,0.0048505852025718735,0.004613271075403287
964,0.005121339462083868,0.0050475084711562365
965,0.0037630501282194064,0.0043698300012586
966,0.002774098404354769,0.004247242035146706
967,0.0027737729272205467,0.004246375141698112
968,0.0028494529349071913,0.004244511089644323
969,0.002834552107859894,0.004254147130156198
970,0.002454459231347337,0.003293436188705024
971,0.002843243149421564,0.003563387763643807
972,0.002843243149421564,0.003563387763643807
973,0.002843243149421564,0.003563387763643807
974,0.002843243149421564,0.003563387763643807
975,0.002843243149421564,0.003563387763643807
976,0.0027065431444649665,0.0034709397271622364
977,0.003206380174364165,0.003982568350870455
978,0.003630470713384738,0.0043097874972186775
979,0.0032032759189390436,0.003924041257450571
980,0.0033641044924315328,0.004437320691671203
981,0.0033641044924315328,0.004437320691671203
982,0.003076492162892204,0.00447433949226306
983,0.003076492162892204,0.00447433949226306
984,0.00280573790338021,0.0038249268575577242
985,0.0028909738279524018,0.003925035184739437
986,0.003449768608890629,0.004535567215359714
987,0.004118835869846827,0.004470207060546521
988,0.004385646149189105,0.004984455784746624
989,0.004424176507666556,0.0050334867630292485
990,0.003981483960698038,0.004560614839100526
991,0.0035927000426238115,0.004644311806909817
992,0.0035927000426238115,0.004644311806909817
993,0.0035927000426238115,0.004644311806909817
994,0.0035927000426238115,0.004644311806909817
995,0.0035927000426238115,0.004644311806909817
996,0.0035927000426238115,0.004644311806909817
997,0.004049361692151912,0.0065240287466957056
998,0.003628120291927655,0.006635820434383652
999,0.003628120291927655,0.006635820434383652
1000,0.0033620268165868066,0.006562794167842662
1001,0.0033620268165868066,0.006562794167842662
1002,0.0032026396506936463,0.006547001496250145
1003,0.0032026396506936463,0.006547001496250145
1004,0.003707525539480716,0.006474908930734397
1005,0.004241794423605552,0.006992666074495387
1006,0.003682999642667324,0.00654220628715006
1007,0.0030139323817111262,0.0047233071924451964
1008,0.002438577631734198,0.0033361514227360544
1009,0.002407167859353953,0.00329117877554027
1010,0.0025972445749600703,0.003375478097818406
1011,0.0025972445749600703,0.003375478097818406
1012,0.0025972445749600703,0.003375478097818406
1013,0.0025972445749600703,0.003375478097818406
1014,0.0028445832608539386,0.003270300601877365
1015,0.0028445832608539386,0.003270300601877365
1016,0.0028445832608539386,0.003270300601877365
1017,0.0019902230104252,0.0026561901411713334
1018,0.002398823958394691,0.0033277841291599573
1019,0.002398823958394691,0.0033277841291599573
1020,0.002398823958394691,0.0033277841291599573
1021,0.0026194251826356877,0.0032332281558215977
1022,0.0026194251826356877,0.0032332281558215977
1023,0.002937414246454831,0.003114148452921518
1024,0.0024325283576677615,0.00314006866553717
1025,0.0018130235489707339,0.0027178675478560367
1026,0.0023941899630888436,0.004357471841404382
1027,0.0026270544260368492,0.0050340675248272595
1028,0.0026270544260368492,0.0050340675248272595
1029,0.0026199338399396426,0.005034229486286272
1030,0.0021150479511525726,0.00357705061629957
1031,0.0021150479511525726,0.00357705061629957
1032,0.002984525221250678,0.004524358152982108
1033,0.002984525221250678,0.004524358152982108
1034,0.003278871611323663,0.004128826835990002
1035,0.0035363562180876123,0.004761819844103665
1036,0.004205327976657292,0.004687343840096218
1037,0.004136194658068004,0.004760708506794799
1038,0.0037232449869341157,0.0038356098046545494
1039,0.004372347615302518,0.004550114550914142
1040,0.005427360850124145,0.004636296965737836
1041,0.005206759625883147,0.00483142447432893
1042,0.005206759625883147,0.00483142447432893
1043,0.004888770562064004,0.005033076088643625
1044,0.006670859316988488,0.006137290324085933
1045,0.006670859316988488,0.006137290324085933
1046,0.00608969290287038,0.005924547255479823
1047,0.006242709198994983,0.006137044705466684
1048,0.006242709198994983,0.006137044705466684
1049,0.0062427820045435475,0.006137093435633196
1050,0.006910658172237742,0.00685662535049868
1051,0.007061811107190889,0.006718475634897964
1052,0.006455046424343013,0.007298628851708402
1053,0.006455046424343013,0.007298628851708402
1054,0.005917669346166544,0.006864360478693238
1055,0.005883991142192758,0.0071973525190792784
1056,0.006159760912433659,0.006288601335201297
1057,0.007580306210483817,0.00835854085043667
1058,0.008805080700273141,0.010112960155329996
1059,0.008155978071904739,0.010278985363005644
1060,0.0071009648370831124,0.010302170590823542
1061,0.007743679937337036,0.011516171958645106
1062,0.008238518596937243,0.011369634216022169
1063,0.008396840952399457,0.011421942590831369
1064,0.0066237245487090176,0.009358261883328268
1065,0.0066237245487090176,0.009358261883328268
1066,0.0066237245487090176,0.009358261883328268
1067,0.006237843789636408,0.008396370697299092
1068,0.007302283651713775,0.011231305256192222
1069,0.008390015952166917,0.011410794882901391
1070,0.007722139784472723,0.009732239184634766
1071,0.008765406731581505,0.010034441694551961
1072,0.008502694144331278,0.010096354869638578
1073,0.009182475426542387,0.011717403180289692
1074,0.009178167428752004,0.011719835890412787
1075,0.00895436102596184,0.011606618530362978
1076,0.008009619497151258,0.011646377520675594
1077,0.006558450047890225,0.008148407849838899
1078,0.0053336755581009036,0.00750558119540685
1079,0.005393927439599472,0.0074781167644911994
1080,0.005393927439599472,0.0074781167644911994
1081,0.006095206587198981,0.0073561562974919946
1082,0.006564145432975383,0.008461534163622166
1083,0.006405823077513169,0.008548120557380943
1084,0.007734533268160856,0.011951140833988539
1085,0.007734533268160856,0.011951140833988539
1086,0.007734533268160856,0.011951140833988539
1087,0.007734533268160856,0.011951140833988539
1088,0.006670093406083491,0.011508555302416379
1089,0.005582288300081785,0.009981115913360816
1090,0.005582288300081785,0.009981115913360816
1091,0.005510621476675996,0.011716712025325204
1092,0.005510621476675996,0.011716712025325204
1093,0.005208449473810153,0.011343923725485035
1094,0.005208449473810153,0.011343923725485035
1095,0.0056559726875739635,0.011217187465530196
1096,0.005861339697521243,0.011819200539371246
1097,0.006293834719959347,0.011757492322133599
1098,0.006853638783218939,0.01187982446658558
1099,0.007136490691922849,0.011950444408228914
1100,0.007206390949228513,0.011938468692723069
1101,0.008401733980507677,0.013408384974387408
1102,0.007471682315255847,0.011276653829699482
1103,0.007471682315255847,0.011276653829699482
1104,0.006133999773374113,0.00765273924604988
1105,0.006180746189584304,0.007661002376225535
1106,0.006180746189584304,0.007661002376225535
1107,0.006318827002671776,0.007705910406609772
1108,0.006318827002671777,0.0077059104066097735
1109,0.0063188270026717785,0.007705910406609773
1110,0.006318827002671777,0.0077059104066097735
1111,0.00524271134631563,0.006235241849919505
1112,0.005254017028961426,0.006263756124803302
1113,0.004876407749616157,0.006320429118944192
1114,0.004876407749616157,0.006320429118944192
1115,0.005074491299699018,0.0065370056109597275
1116,0.0056041779488913476,0.006145117286915622
1117,0.005169301967254845,0.006011489656698006
1118,0.0051848526539721804,0.006223736961601076
1119,0.004841748863769703,0.006317842759136028
1120,0.00477184860646404,0.006276043759097594
1121,0.0028009063113487945,0.0041953026360508445
1122,0.002767180471224013,0.004173802247622833
1123,0.0027934795444501948,0.004199308103754734
1124,0.0036549645830233563,0.006475260847010216
1125,0.00416941172096209,0.006588005540652361
1126,0.004170589911620388,0.006591130521773285
1127,0.004032509098532916,0.0066121277302659195
1128,0.004939731636422824,0.007892447911262567
1129,0.004941145818062999,0.007891563892892525
1130,0.004941145818062999,0.007891563892892525
1131,0.0051679975667852235,0.008261175912047447
1132,0.0051797698737807915,0.00825332390081437
1133,0.0060917429430007415,0.007921555434970126
1134,0.0060917429430007415,0.007921555434970126
1135,0.005576136523689075,0.008345586149529882
1136,0.005229866782623693,0.006683197258681584
1137,0.005609334830983053,0.00714961453821865
1138,0.005141382286748762,0.005924276108696797
1139,0.005154265946911294,0.005919520851913281
1140,0.005509426761616367,0.0065982569638611405
1141,0.004941031777599016,0.005776295454785156
1142,0.004941031777599016,0.005776295454785156
1143,0.004914732704372834,0.005798091948241031
1144,0.00427693633977832,0.005280080683408157
1145,0.004483755919199537,0.0054169711856296154
1146,0.0047092366867375005,0.005944049936919299
1147,0.004752983955333934,0.006056297407487249
1148,0.00445687865697689,0.006296038297945406
1149,0.0050366308894548234,0.007869252342926672
1150,0.005534368720506079,0.00794707751079038
1151,0.0053292072939485746,0.007178104603112178
1152,0.005306129304307211,0.007165421181928833
1153,0.004394156235087261,0.0072062474878871186
1154,0.004394156235087261,0.0072062474878871186
1155,0.004302300945444933,0.006834563558213329
1156,0.003937784357658536,0.0066468283038263205
1157,0.0035583163092991767,0.005922536807454412
1158,0.003450914103556539,0.005976110499695227
1159,0.003440227460861979,0.005979798056568241
1160,0.0030850666461569058,0.00498541389101403
1161,0.0030850666461569058,0.00498541389101403
1162,0.0034296788295044233,0.005236354231144936
1163,0.0038031431099586925,0.005110084214619782
1164,0.003579454435980045,0.005212810915126874
1165,0.0031464487614781588,0.0045376244739382095
1166,0.002919950861950725,0.004054479547923804
1167,0.003593934125952568,0.0045927736076471415
1168,0.0029828168864197025,0.003778210718876319
1169,0.002414534132464125,0.00374999271369363
1170,0.0019167963014128692,0.0032255793065403063
1171,0.002282191740366806,0.0032582586699656407
1172,0.002282191740366806,0.0032582586699656407
1173,0.0023889562265832468,0.0033086561161122497
1174,0.00239992611914878,0.003300890055011577
1175,0.002361781064256103,0.0033230664460831396
1176,0.0026998857518287693,0.003261529820920445
1177,0.0037581800095377407,0.004814593062891092
1178,0.0043817054044289405,0.005148949736164488
1179,0.004379824197098829,0.0051511499197477596
1180,0.004379824197098829,0.0051511499197477596
1181,0.004379824197098829,0.0051511499197477596
1182,0.004035212013751311,0.004826999089526954
1183,0.003943608428837505,0.004413113904174682
1184,0.0041041483385193984,0.00445645061138467
1185,0.0037736708929784536,0.004552134748534325
1186,0.0043052901484510984,0.0045155357837279465
1187,0.004118465158807936,0.004724347926575518
1188,0.004821912853807506,0.004998907807727214
1189,0.00656054394052583,0.0070869920333973295
1190,0.007222253239049112,0.007840041233716748
1191,0.007412055470521664,0.007870769934593815
1192,0.007412055470521664,0.007870769934593815
1193,0.007305290984305222,0.007724968853568992
1194,0.007303026955169732,0.007738183813649409
1195,0.008157035299466858,0.00912589831571952
1196,0.007794663281606361,0.009119483939725434
1197,0.00673636902389739,0.009340628794109343
1198,0.0062545956903558575,0.009711464485942055
1199,0.006254279880217997,0.009711664991445759
1200,0.007458972557678798,0.01161327108293687
1201,0.008064707121586282,0.01159701237954811
1202,0.009165902255510635,0.012059324248276935
1203,0.008884041559970171,0.011698836414818439
1204,0.008723501650288278,0.011406298436078191
1205,0.009685446601313553,0.011757933635939416
1206,0.009438374060445277,0.011484230531653355
1207,0.008907468517490162,0.010898893931085079
1208,0.008204020822490592,0.010184643488482185
1209,0.0066262190959918334,0.0069630222217594
1210,0.006995018081623327,0.00735746910126275
1211,0.006371492686732126,0.006603132027926482
1212,0.006371492686732126,0.006603132027926482
1213,0.00734037612635752,0.008532316561624578
1214,0.007331670262927477,0.008534174324398755
1215,0.006477661918630351,0.007872758367886142
1216,0.006477661918630351,0.007872758367886142
1217,0.006487331340678569,0.00789788853065601
1218,0.0063455792793289025,0.007532276082300939
1219,0.0072186320633833125,0.008396956869643086
1220,0.006013939385922514,0.006266292005286563
1221,0.0054082048220150305,0.006244037213982811
1222,0.004307009688090676,0.006193861680368867
1223,0.004307009688090676,0.006193861680368867
1224,0.004511353149836915,0.006690225362149945
1225,0.004301349150885053,0.007102690663670301
1226,0.004044295792323081,0.006804566262748211
1227,0.004053358773367572,0.006799600513212382
1228,0.0044746929955223405,0.006687752855476234
1229,0.004300979975140242,0.006577958571790209
1230,0.0032704716909854694,0.0042716734739204655
1231,0.0032704716909854694,0.0042716734739204655
1232,0.0032704716909854694,0.0042716734739204655
1233,0.0023015882513600754,0.0037592617982464462
1234,0.0029127054908929403,0.003831468031240589
1235,0.0029127054908929403,0.003831468031240589
1236,0.005290824076737633,0.007403557792503429
1237,0.005281154654689414,0.007410395261654383
1238,0.005289517472363919,0.007411374362322282
1239,0.0044164646883095085,0.007225789955761059
1240,0.00496362133070027,0.007076260878910754
1241,0.00496362133070027,0.007076260878910754
1242,0.005228769278879747,0.00745461157648617
1243,0.005228769278879747,0.00745461157648617
1244,0.005028435044691008,0.007565175987512187
1245,0.00443316734097488,0.005998766231421003
1246,0.004405512926263656,0.005942078243522328
1247,0.005328435594688565,0.006054756568447369
1248,0.005351904853700117,0.00549904096468451
1249,0.005351904853700117,0.00549904096468451
1250,0.005351904853700117,0.00549904096468451
1251,0.0055711421230665885,0.005850151354733526
1252,0.005908570033895043,0.006423981214686976
1253,0.0059755380366429064,0.006560006259553468
1254,0.005501951125964304,0.00668575865794479
1255,0.005501951125964302,0.006685758657944787
1256,0.0036820986786674746,0.005223875437141508
1257,0.0036820986786674746,0.005223875437141508
1258,0.0036737358609929696,0.005229533305016861
1259,0.003866121173886937,0.005676900848584203
1260,0.0035402143123278267,0.005410889064828817
1261,0.004100082751673861,0.00519430812941463
1262,0.004378817207152654,0.005282393222399891
1263,0.005720662263491565,0.006132215517304935
1264,0.005716653035934065,0.006127467816494554
1265,0.0061789751689406685,0.007239650262981083
1266,0.0061789751689406685,0.007239650262981083
1267,0.005256713066285708,0.005483079782969552
1268,0.004812902732915309,0.005522918504157394
1269,0.004812902732915309,0.005522918504157394
1270,0.005237645339447302,0.006119485780831958
1271,0.006263540841047252,0.008433739105078343
1272,0.005926112930218799,0.008267574068241489
1273,0.005859144927470935,0.008250984978842473
1274,0.005823753027615234,0.008298154725562706
1275,0.006178913842320307,0.009209672226970802
1276,0.0062196963598461115,0.009184260752709315
1277,0.0062196963598461115,0.009184260752709315
1278,0.0062196963598461115,0.009184260752709315
1279,0.006027311046952145,0.00928973925832305
1280,0.006502474484170066,0.011241824768292984
1281,0.005948678231127035,0.011382507510540834
1282,0.005404795827468766,0.009910642145121556
1283,0.004062950771129854,0.008618595780422404
1284,0.0040646943555738505,0.008617795046766434
1285,0.0034413823627667886,0.006813122709070087
1286,0.0034944381015165338,0.006796115484637258
1287,0.003484714554702094,0.006801011928233794
1288,0.004046060419032845,0.006722822490492252
1289,0.004742473637082417,0.008712918235549287
1290,0.004448437324186009,0.008774967677651015
1291,0.0032033045532195866,0.005243511414391312
1292,0.0032033045532195866,0.005243511414391312
1293,0.0032033045532195866,0.005243511414391312
1294,0.0036060520130080953,0.005725757782116055
1295,0.003740781471307228,0.004937568383175875
1296,0.003169666567467119,0.005033895179587244
1297,0.003169666567467119,0.005033895179587244
1298,0.003169666567467119,0.005033895179587244
1299,0.0032222834914858397,0.005147541761910251
1300,0.0025258702734362653,0.0039009835831573868
1301,0.002519798087133264,0.003895198952617723
1302,0.003137088228075552,0.004018223687118788
1303,0.003137088228075552,0.004018223687118788
1304,0.003891307479136759,0.004994243039518361
1305,0.00389109407705262,0.004994409260671855
1306,0.0038380383383028738,0.004899256956867032
1307,0.0038380383383028738,0.004899256956867032
1308,0.0039251654787575765,0.005881224568491018
1309,0.003754348748233565,0.006397653198656424
1310,0.00362421430233986,0.006224581121819331
1311,0.00362421430233986,0.006224581121819331
1312,0.00362421430233986,0.006224581121819331
1313,0.0037563612729881865,0.006159928380809656
1314,0.0032514753842011177,0.006216874946626017
1315,0.0027619171968353397,0.005727547037477644
1316,0.004236313482480982,0.005976292434903083
1317,0.004236531217491836,0.005976375705369237
1318,0.004244729817760159,0.0059724260294265865
1319,0.00419211289374144,0.006007128325756053
1320,0.004200864508754794,0.00600653338864822
1321,0.004904312203754363,0.005886128931946784
1322,0.0047169110763359695,0.004929672661280573
1323,0.0047169110763359695,0.004929672661280573
1324,0.003960948240830766,0.0040178362660708575
1325,0.003960948240830766,0.0040178362660708575
1326,0.003960948240830766,0.0040178362660708575
1327,0.004422008094863182,0.0039620549838791375
1328,0.00381779416709609,0.004059420868673511
1329,0.0032921976795705276,0.0035956043484860123
1330,0.00398803904987822,0.004746542163539116
1331,0.00398803904987822,0.004746542163539116
1332,0.005128680132311236,0.005084955859986084
1333,0.005080156679475033,0.0050210333337107034
1334,0.005109236284160836,0.00507327286219548
1335,0.0051089041985224095,0.005072670860813143
1336,0.0036065741606432083,0.005051728933803199
1337,0.003606356425632354,0.005051699042527971
1338,0.004185194607301514,0.004979842890426943
1339,0.004185194607301514,0.004979842890426943
1340,0.004662217725681974,0.005277998924400272
1341,0.003958770030682404,0.00433201742124426
1342,0.003528881017158511,0.004487447851624103
1343,0.003528881017158511,0.004487447851624103
1344,0.003528881017158511,0.004487447851624103
1345,0.003766473571946804,0.004900579587822989
1346,0.003832771894667189,0.005027849433418497
1347,0.0033717120406347723,0.004492327462477188
1348,0.004632608898851283,0.005217051905078723
1349,0.004877474197886212,0.005653050042022731
1350,0.004430183836784543,0.005021472724436302
1351,0.005006796438728476,0.005334788559427311
1352,0.0038748612197255054,0.005566932875788027
1353,0.0038134063266816965,0.005603754883612231
1354,0.003784326721995894,0.0055876249840748245
1355,0.003800078709869209,0.00557872485207161
1356,0.0038001465693981613,0.005578896015751209
1357,0.0046909979869217775,0.005537339670896633
1358,0.00414327388581018,0.004247847704032649
1359,0.004349681422927594,0.004088672259098225
1360,0.00386390668953378,0.0034910812281284667
1361,0.004122288321483892,0.003916205669806015
1362,0.004122288321483892,0.003916205669806015
1363,0.0041225797336130465,0.00391674570132949
1364,0.0042412256202208854,0.0038702871154771383
1365,0.0048348041249036255,0.005685492387442474
1366,0.004768505802183241,0.005683233371898928
1367,0.005278491548432807,0.005876492510359993
1368,0.003972800526982386,0.00460414061509157
1369,0.0038538515130223648,0.004261276430563152
1370,0.0036047286560744614,0.003737121001139103
1371,0.0030281160541305273,0.003712116456728986
1372,0.003306993800067348,0.004201173173455471
1373,0.0039274367773837505,0.004633415577179608
1374,0.0039274367773837505,0.004633415577179608
1375,0.003911684789510436,0.0046423035044220635
1376,0.003911616929981483,0.004642286130651523
1377,0.003020765512457867,0.0039723720694855025
1378,0.0030258045371724567,0.004076145765138093
1379,0.0031212857828506026,0.003629481810510197
1380,0.0036100344250675,0.003503136730640962
1381,0.003484292671226771,0.0030233203051552617
1382,0.003484292671226771,0.003023320305155261
1383,0.0034840012590976153,0.0030228548091434967
1384,0.003664735763802108,0.0027740794397482405
1385,0.003088655729005304,0.00297506499224874
1386,0.0037443149495794484,0.003768367088605855
1387,0.003582422317822325,0.0037413324956081704
1388,0.0036449889734319813,0.003855092298997423
1389,0.003519072688357073,0.0036150672679228246
1390,0.003519072688357073,0.0036150672679228246
1391,0.003520665482819108,0.0036176696703878585
1392,0.0032330818734522446,0.003661780237377655
1393,0.003037469766800015,0.0033654264570359385
1394,0.00320293236246475,0.0036114757552234244
1395,0.003267261558702017,0.003559201765986865
1396,0.004060590664526868,0.005257595875923105
1397,0.005102320816484196,0.0051289968918240714
1398,0.00576730353577861,0.005037480241702343
1399,0.005469157308024865,0.005019249781885492
1400,0.005197453562480775,0.005298806735949904
1401,0.0050648136843713925,0.005265159579581706
1402,0.00533253872393234,0.005627468526731647
1403,0.00533253872393234,0.005627468526731647
1404,0.0054806815463838195,0.005459802076279473
1405,0.005225590521709588,0.004970872944091166
1406,0.0048753903270637505,0.004594323894242687
1407,0.004527297212571309,0.004584377367254153
1408,0.00446427249538128,0.00458082138532692
1409,0.004736264698185279,0.004743636425246242
1410,0.004736264698185279,0.004743636425246242
1411,0.004734671903723245,0.00474050247249024
1412,0.004744493668182275,0.004748908054026149
1413,0.004315626044744781,0.003986810995370653
1414,0.004150163449080047,0.0037942494448630357
1415,0.00408583425284278,0.0038550529610240766
1416,0.0035222800514129807,0.004256643498378858
1417,0.002561608415617834,0.003715316607764327
1418,0.0018528396889617375,0.0021563824221741777
1419,0.0018491801012183195,0.0021543201131906144
1420,0.0016321352045455117,0.0022193719830631135
1421,0.0016536453989895836,0.002237489276585183
1422,0.0013859203594286363,0.0021226512674682213
1423,0.0014256301380406431,0.002103371406362286
1424,0.0009781069242768324,0.0012002237568704197
1425,0.0017076850854597972,0.001965888010641995
1426,0.0016040561175123661,0.0021409174724392127
1427,0.0016040561175123661,0.0021409174724392127
1428,0.001606124565846348,0.0021412621862030834
1429,0.0020085919285381514,0.0030892168067208196
1430,0.0027723388575209627,0.0035062322009153783
1431,0.0027739639921623618,0.0035066019400861142
1432,0.0032154137534874394,0.0033971598758712326
1433,0.0039001722217080976,0.004089921213013884
1434,0.0039001722217080976,0.004089921213013884
1435,0.004295515941783476,0.003883039538710326
1436,0.004065741037388423,0.0036988683557227287
1437,0.0039846825212262425,0.003603549714919445
1438,0.003984411178733464,0.0036038793258504377
1439,0.004013407816120871,0.003636418942230585
1440,0.004354421468128921,0.004203590156208363
1441,0.004332911273684849,0.004177841114162938
1442,0.005197234886133903,0.004074255208791943
1443,0.005683121595047458,0.005251383561737665
1444,0.005683121595047457,0.005251383561737665
1445,0.005912349696574088,0.0045470789183411145
1446,0.006031716361869974,0.004468473588301803
1447,0.006031716361869974,0.004468473588301803
1448,0.0060296479135359925,0.004466800830383106
1449,0.005781293691501146,0.004446378851821113
1450,0.005017546762518335,0.0038415671294953616
1451,0.005015921627876936,0.0038396446951383585
1452,0.004564650102092829,0.003670783285048733
1453,0.005609850431698103,0.004896510076619133
1454,0.005609850431698103,0.004896510076619133
1455,0.0056072177399805285,0.005441546365109422
1456,0.0056072177399805285,0.005441546365109422
1457,0.005607410737000194,0.005441499244914617
1458,0.006501218834941987,0.005912607348340943
1459,0.0065806263067639,0.00578177146484407
1460,0.006239612654755848,0.005712676365543049
1461,0.006239612654755848,0.005712676365543049
1462,0.005375289042306795,0.0051082175902065095
1463,0.005274300089338266,0.005213440980074299
1464,0.005274300089338266,0.005213440980074299
1465,0.004315493826628671,0.0036160603310621416
1466,0.0044418203171157225,0.004279423687831037
1467,0.0044418203171157225,0.004279423687831037
1468,0.004756629490296675,0.004908956612090445
1469,0.0043408520829272285,0.005105309635160518
1470,0.004340852082927228,0.005105309635160518
1471,0.005432567059092876,0.006558870844297942
1472,0.006017186928415656,0.007340787706393948
1473,0.004763934918194935,0.005650738241174413
1474,0.005662738860868105,0.0058192349316849
1475,0.005332446387290124,0.005809430086405526
1476,0.006202522835431446,0.007031707225606358
1477,0.006202329838411781,0.007031874598465469
1478,0.006000315866450733,0.006919081850285467
1479,0.006455733980395407,0.00796199872369165
1480,0.006455733980395407,0.007961998723691648
1481,0.007098345582480124,0.009364406764680542
1482,0.00820823753840473,0.010300075256106158
1483,0.008336313481010084,0.011226441564481325
1484,0.008839215688306425,0.011154609965674647
1485,0.009109567995730369,0.010968305799128233
1486,0.008662044781966558,0.009993859015670972
1487,0.008662044781966558,0.009993859015670972
1488,0.008780016124368253,0.010148687637522826
1489,0.009821441243980501,0.01213295044272225
1490,0.009821441243980501,0.01213295044272225
1491,0.008729726267814852,0.010449429743403892
1492,0.008145106398492072,0.009666322369686819
1493,0.008016300080165094,0.00968370677682162
1494,0.007193047971559454,0.009416932721995255
1495,0.0071306294167796285,0.009455773237754988
1496,0.0069228350096222895,0.010248691565377879
1497,0.007102150693217002,0.010141120256035198
1498,0.0064100622115502385,0.009447728137942087
1499,0.005892888090571851,0.007948390418881277
1500,0.005892888090571851,0.007948390418881277
1501,0.005601885695045154,0.0068949084596245875
1502,0.004491993739120548,0.005750878262086395
1503,0.004328094180032391,0.004776001004424289
1504,0.0038328333456471306,0.0050315131608151265
1505,0.004014524688489661,0.0048063173009926735
1506,0.004717972383489231,0.006519658004782417
1507,0.004717972383489231,0.006519658004782417
1508,0.004681869674328609,0.005988601053898143
1509,0.0036301166186248498,0.004353354675952451
1510,0.0037500781182819446,0.004365072356155733
1511,0.0053911133136723055,0.005992866151132908
1512,0.005799933488094855,0.006071771629221788
1513,0.005918892517095789,0.00660812907701649
1514,0.0058433406830282605,0.006457742633048749
1515,0.0058433406830282605,0.006457742633048749
1516,0.005181058642044277,0.005373629089129253
1517,0.006699960521022122,0.0085084716854117
1518,0.007399819393573233,0.009661398498701602
1519,0.007353088324099234,0.009695885837697853
1520,0.0073553075336628415,0.009696220183714284
1521,0.0073885944059983045,0.010461040537621447
1522,0.00864860170502455,0.011204661228039824
1523,0.008259817786950324,0.010659614762297187
1524,0.008252176414039242,0.01065890417825669
1525,0.008196810570194793,0.010679562188106867
1526,0.007493362875195223,0.009249409951980392
1527,0.0084775377995947,0.01130989768400821
1528,0.008080859993172675,0.010896406813949464
1529,0.008080859993172675,0.010896406813949464
1530,0.009507785063082353,0.012424825966094654
1531,0.007946195319382548,0.01198567695655313
1532,0.008069237380501249,0.012059479926135208
1533,0.007584523140262334,0.011009343452771487
1534,0.008862102772430016,0.013017656572447746
1535,0.009107041612423091,0.01325359182852274
1536,0.009107041612423091,0.01325359182852274
1537,0.0074088240498505365,0.010449553635916166
1538,0.006708965177299424,0.009505438335030807
1539,0.006708965177299424,0.009505438335030807
1540,0.007216731713985382,0.009261845797978055
1541,0.006831835635091899,0.008918397479515925
1542,0.005571828336065651,0.0072994380823046415
1543,0.00557182833606565,0.0072994380823046415
1544,0.005571928760235732,0.007299361470176861
1545,0.005175250953813707,0.0074616743501450915
1546,0.005175250953813709,0.007461674350145092
1547,0.00419107602941423,0.007324269315900152
1548,0.004636088531914134,0.007218875124095334
1549,0.0056742213594896925,0.008685132785656125
1550,0.0043400604931519374,0.0058721706045243545
1551,0.0042606150414613835,0.005855944158512931
1552,0.0037287528059201354,0.004931354103947542
1553,0.003728475675884888,0.004931563504193234
1554,0.0030531369090600483,0.005184504056952325
1555,0.002936101523142368,0.004514927010317983
1556,0.002936101523142368,0.004514927010317983
1557,0.003056058651335846,0.004822286058104521
1558,0.003056058651335846,0.004822286058104521
1559,0.003056058651335846,0.004822286058104521
1560,0.003690081758294039,0.005294129163590349
1561,0.003690081758294039,0.005294129163590349
1562,0.004024458615183952,0.00515425248339463
1563,0.005730641613234918,0.006508591747946767
1564,0.005730541189064835,0.006508492491861069
1565,0.005871331972850277,0.006448863117965399
1566,0.00642959811139814,0.006483555488765953
1567,0.00642959811139814,0.006483555488765953
1568,0.006209848662723802,0.007143185878340265
1569,0.005656707205422406,0.00511842739289595
1570,0.005443981502193386,0.005301620369270023
1571,0.005443981502193386,0.005301620369270023
1572,0.006168212721272715,0.006537699566559574
1573,0.006168212721272715,0.006537699566559574
1574,0.00556597185592987,0.006109594826992402
1575,0.005438068401854476,0.006064880450007946
1576,0.005438068401854476,0.006064880450007946
1577,0.005378675934945306,0.006018287341560798
1578,0.006002201329836506,0.006309890372728934
1579,0.006512334205957903,0.00657278831227295
1580,0.005368325352750146,0.006611018329492361
1581,0.005391636453397988,0.006592432849440944
1582,0.005057259596508075,0.00677022607224377
1583,0.003351076598457109,0.0042407032245550666
1584,0.003351076598457109,0.0042407032245550666
1585,0.003210285814671668,0.004139703878717265
1586,0.0026520196761238043,0.004158517047976318
1587,0.0026520196761238043,0.004158517047976318
1588,0.0038545518229832474,0.005495935062469162
1589,0.003369560452709084,0.004406119331158922
1590,0.003369560452709084,0.004406119331158922
1591,0.003369560452709084,0.004406119331158922
1592,0.0029387519551549715,0.004787004256131633
1593,0.0029387519551549715,0.004787004256131633
1594,0.0034188934117263927,0.005830235886270462
1595,0.0034188934117263927,0.005830235886270462
1596,0.0034188934117263927,0.005830235886270462
1597,0.003801803675394529,0.005582783579155927
1598,0.0031783274773274266,0.004337663623612741
1599,0.0031817809886647876,0.004835243893831536
1600,0.003647661763834581,0.00565192650193774
1601,0.0036245683981975937,0.005666284502883961
1602,0.0036695119943444972,0.005639095412393324
1603,0.0036695119943444972,0.005639095412393324
1604,0.003918917733592836,0.005525290161769357
1605,0.004428903479842402,0.006641292773460113
1606,0.004428903479842402,0.006641292773460113
1607,0.004428903479842402,0.006641292773460113
1608,0.0031733582093488957,0.005206810479824893
1609,0.0035066797172681255,0.005919158299343488
1610,0.0035066797172681255,0.005919158299343489
1611,0.0035066797172681255,0.005919158299343489
1612,0.003537702525606335,0.0068866110835154445
1613,0.005155592135112665,0.008829947921699426
1614,0.006019997718563036,0.009252204404570133
1615,0.006586899581252368,0.01031031550921618
1616,0.006938508787810388,0.011269879873190591
1617,0.006495272210860081,0.011123385391463604
1618,0.006799691851644647,0.01097225044476137
1619,0.0062861054641858895,0.01101619553315431
1620,0.006252454799749868,0.00989513226602286
1621,0.007368621912355494,0.010051778366294933
1622,0.00732367831620859,0.010021555710362633
1623,0.008469737149821582,0.010058955068074835
1624,0.00822040205372421,0.009950145343743937
1625,0.008140305320998539,0.008443986190919364
1626,0.009261979283001109,0.008652296728283734
1627,0.009624351300861606,0.008703355864534103
1628,0.010160007182667487,0.009483792458414336
1629,0.010081595435444566,0.009007571650066649
1630,0.010085598204576345,0.009005112603035393
1631,0.010791884932474965,0.010327308012373502
1632,0.011197894938912534,0.011148201345070757
1633,0.010426873857282245,0.011381765550010386
1634,0.009104054286395878,0.010389053155384043
1635,0.009294006122195648,0.011035250209024062
1636,0.008977595062658505,0.010365915975560514
1637,0.009513624939863553,0.011163922001870084
1638,0.009553768285602407,0.01173537882099406
1639,0.009786632748550414,0.012181084147120536
1640,0.009856980927652853,0.013150186620288806
1641,0.009640013803075302,0.015161208887644193
1642,0.009977768203974205,0.0157758218165417
1643,0.009191658978138825,0.015709422818133353
1644,0.009543197541545879,0.01643633671992475
1645,0.009319716065139401,0.015968713586480835
1646,0.008590753131494638,0.016237466219655085
1647,0.010153212222725475,0.016029957990563715
1648,0.010353023827968174,0.016524333550570466
1649,0.01125927677826074,0.016975957372833445
1650,0.011810243834720988,0.01814028253404691
1651,0.011103957106822368,0.016919382856965145
1652,0.010373501570521372,0.015517734522374628
1653,0.009526633042645333,0.013983952631487112
1654,0.011074423150130583,0.014500310078243388
1655,0.010317569451641482,0.013225590855770755
1656,0.010282371304620602,0.013155870930104313
1657,0.009746103079413416,0.012157789819735868
1658,0.0094014908960659,0.011589144687738693
1659,0.009477172399233867,0.01121515193897147
1660,0.009602968150548234,0.011500857287850313
1661,0.009766515483869491,0.011528565391519818
1662,0.009428761082970586,0.011210856189516429
1663,0.009068811475192975,0.011259810795902906
1664,0.009120649661768869,0.011204754690668756
1665,0.008914242124651455,0.010736690706150727
1666,0.008543258565429078,0.010614447553328668
1667,0.006686245684126735,0.009303535606765214
1668,0.005778528266886652,0.007821812524808796
1669,0.005174667907100432,0.006797057982155981
1670,0.004623614861790074,0.005368004669061269
1671,0.004661692504919691,0.005371473173570606
1672,0.005307248105954901,0.005569687230585944
1673,0.005984114997294324,0.006182128814283804
1674,0.0053244727657795355,0.006204175801668181
1675,0.005483776056346156,0.006355902558716601
1676,0.005483776056346157,0.006355902558716601
1677,0.005849808397619385,0.0068320936839862175
1678,0.008071221396762382,0.008327095764427377
1679,0.008179796310579626,0.008912993575809729
1680,0.008193114845479025,0.008609012478490382
1681,0.007130149789118839,0.007658992001527767
1682,0.007835723401761006,0.008716723155063269
1683,0.008666254416646629,0.009461501385885682
1684,0.00911911020245056,0.01079367087902183
1685,0.00911911020245056,0.01079367087902183
1686,0.010213414394384187,0.011978016848247789
1687,0.010597639816861668,0.012979958207089184
1688,0.010782444380810215,0.01293375347542366
1689,0.010464467959164806,0.01233279796970356
1690,0.010849335096957362,0.012325492234445023
1691,0.010811257453827746,0.012233286289730316
1692,0.011466118221937716,0.01413396203792573
1693,0.01173266902081859,0.014782659120964492
1694,0.011392931879717468,0.014519895997396693
1695,0.012377569877119455,0.015943987585002976
1696,0.012992559830823236,0.01716452599253126
1697,0.013069575471176176,0.017361110638971316
1698,0.011181490629618313,0.017020295890864505
1699,0.011141606396608597,0.016913965450072156
1700,0.010984905190832783,0.017892735489236363
1701,0.010984905190832783,0.017892735489236363
1702,0.010998163645449302,0.018363299170244294
1703,0.01016763263056368,0.01749295285973403
1704,0.00968856609854934,0.01726985990837096
1705,0.011048962018030795,0.018600376554566866
1706,0.010486561989647643,0.018305941834350963
1707,0.01102499549881068,0.01834266712978399
1708,0.011330081207866338,0.019739761260206948
1709,0.011524986605100904,0.02044764609832501
1710,0.011838031340233094,0.02126675222981833
1711,0.01371902625865419,0.02273183637501579
1712,0.01282743006393156,0.022900949281189374
1713,0.012168720146984457,0.022800222087053068
1714,0.01264344156002566,0.022117513503523183
1715,0.012525711222278127,0.021993952704067597
1716,0.012833959301099596,0.02206667370792928
1717,0.01373259279035422,0.022595376998318338
1718,0.013903944138411676,0.022774620727762127
1719,0.01359503521595288,0.021701133584132604
1720,0.013590185302250141,0.02073142055395417
1721,0.014081162067293993,0.020590166493546
1722,0.013655752721560523,0.019516602749738852
1723,0.01389295553292991,0.01977775627736381
1724,0.0150342555801339,0.01937470425899804
1725,0.014617363051249424,0.01967385368531887
1726,0.014515775068829995,0.019933681892459757
1727,0.013525297909400486,0.018635024119916008
1728,0.014618577920948516,0.01804961145290079
1729,0.014184346594156705,0.01720485566345946
1730,0.013647980536615024,0.016615796771412658
1731,0.012834238890840316,0.014778975724515258
1732,0.01297257535880853,0.014350338807980263
1733,0.01311345770892399,0.014774491591675019
1734,0.012103095795773185,0.014207755876492598
1735,0.011429291721464898,0.013219371885554491
1736,0.010506053688939646,0.011831173794150392
1737,0.009848601197563468,0.011465700957222016
1738,0.00970995403319411,0.011874459805199999
1739,0.009644977161427004,0.011882573096574268
1740,0.009925330522889039,0.011136118006241723
1741,0.009671946312633479,0.011672035715551764
1742,0.009378523591108263,0.011081884878942346
1743,0.009837854410338711,0.011761404927987459
1744,0.008336032640834655,0.010113950654850158
1745,0.007392529250237675,0.009447677175004113
1746,0.006940485599971199,0.00967958251877855
1747,0.00694069059316175,0.009679506004318434
1748,0.005358121169051609,0.008897722029261602
1749,0.005487056706042324,0.008832679340071032
1750,0.005806585480651752,0.009531874213482434
1751,0.004739332208005364,0.007271407385140734
1752,0.004462929825126597,0.006357742685816134
1753,0.004149147584161519,0.0056041820230576
1754,0.004114649880266356,0.00562031793893133
1755,0.004755291405134546,0.006470692555588926
1756,0.005683640905293596,0.008870811998313225
1757,0.005233933333236944,0.009218873731643144
1758,0.005138655251475708,0.008195789753282317
1759,0.005135304398778103,0.008186351647517279
1760,0.004858440910506289,0.007799131663267542
1761,0.0047315381593173375,0.00744431806204618
1762,0.0053068929092942654,0.0090698184932682
1763,0.0046103592786944335,0.009193938793775643
1764,0.005058021555495911,0.009160407019915717
1765,0.005492252882287723,0.010402662072224518
1766,0.0060498589569426406,0.011450972085360495
1767,0.0060496539637520915,0.011450993682262172
1768,0.00613868172201232,0.011711642975186834
1769,0.006009746185021604,0.011697526720577613
1770,0.006435413133749034,0.0108948923760078
1771,0.006435413133749034,0.0108948923760078
1772,0.006164658874237039,0.010935992283388369
1773,0.006752507198058479,0.010530153253856997
1774,0.00675276291832817,0.010530885328734663
1775,0.00575992578561049,0.008637418249169073
1776,0.007275963189267537,0.007946277397492964
1777,0.007041441781819575,0.00760094195224911
1778,0.007155583601201066,0.00844240277780655
1779,0.007172826831054367,0.008473881398616717
1780,0.0066891955012927246,0.007978513052875901
1781,0.007115963273230451,0.00888561835067081
1782,0.006540608523253522,0.007687650106580707
1783,0.007469769220326378,0.009701648081653722
1784,0.00700539201890146,0.009934155651824168
1785,0.007399665792121625,0.009237716187975215
1786,0.006842059717466709,0.008162723551431005
1787,0.008596592315407575,0.010058465439094912
1788,0.008996853969709456,0.01106881703292477
1789,0.008996853969709456,0.01106881703292477
1790,0.008086195650707863,0.010380630970092584
1791,0.008122837638239,0.010352632249533558
1792,0.008468370716971057,0.010611648357913324
1793,0.007768714510726039,0.010065593098141742
1794,0.008131134174275191,0.010035830915389399
1795,0.008130922906211892,0.010035729729234687
1796,0.006256137204872952,0.010261617586575528
1797,0.006256137204872952,0.010261617586575528
1798,0.006074375463851408,0.009412688176778492
1799,0.006289996696946113,0.010005824927864043
1800,0.0062922534563494515,0.010010976090064539
1801,0.005754795880812385,0.008546880135706742
1802,0.005754795880812385,0.008546880135706742
1803,0.0050067621368654995,0.006624770651291883
1804,0.005046873024352375,0.0067227763932364275
1805,0.004599415042444947,0.006142707620543152
1806,0.004599415042444947,0.006142707620543152
1807,0.0034744229744496486,0.004966680860608971
1808,0.0029845327014454436,0.003817821361351127
1809,0.0029845327014454436,0.003817821361351127
1810,0.0032446181628231693,0.004404068913298178
1811,0.003307080990810908,0.004664154149397825
1812,0.002961547912078852,0.004675134548560888
1813,0.0032609283033911826,0.005447523647101208
1814,0.002898252919572341,0.005274829716808302
1815,0.002898252919572341,0.005274829716808302
1816,0.002808225846372482,0.005698749948152007
1817,0.0029720338160805697,0.0061768899416245
1818,0.0028752276618938407,0.0062622564987772295
1819,0.002966808728809261,0.006530887793854609
1820,0.002964551969405921,0.006525469790021825
1821,0.00322203657616987,0.007283156983131761
1822,0.00322203657616987,0.007283156983131761
1823,0.0034929532733103752,0.00808338845856365
1824,0.004032805145278867,0.008775483064722523
1825,0.003802420978666622,0.008860568063928398
1826,0.004185475110121186,0.00877622800659511
1827,0.004119839770628004,0.008785334258049449
1828,0.00416888066469929,0.008929787483616473
1829,0.004456464274066154,0.009778486337037765
1830,0.004196378812688428,0.009010822909656076
1831,0.004097273997169553,0.00871889525630998
1832,0.004097273997169554,0.008718895256309981
1833,0.004928517116589889,0.008656646705415173
1834,0.004975084953820543,0.008631224043425515
1835,0.004975084953820543,0.008631224043425516
1836,0.004804055295177895,0.008654127165655136
1837,0.0046402473254698075,0.008213469179327155
1838,0.004533919141784596,0.00793063093855513
1839,0.00420947361192117,0.007086589239509308
1840,0.004314818789516038,0.00703132803502526
1841,0.00405733418275209,0.006386170830822424
1842,0.004573342914234027,0.007685265237662429
1843,0.004185567057089137,0.006503430372189264
1844,0.003941134120199206,0.006722005979046671
1845,0.0037904711687069014,0.006535819312665148
1846,0.0040943878123493385,0.00768353527474639
1847,0.0035304826218969508,0.006578329299916454
1848,0.003840496455768512,0.007157626131436178
1849,0.003552912846401647,0.00661769649472806
1850,0.003723440277291234,0.00692997581237936
1851,0.003723440277291234,0.00692997581237936
1852,0.0037234402772912344,0.00692997581237936
1853,0.0032454217661355687,0.005168101148011009
1854,0.003650368570755913,0.00523887619416276
1855,0.003650368570755913,0.00523887619416276
1856,0.003341824100121262,0.004494331413581025
1857,0.003341824100121262,0.004494331413581025
1858,0.0037804416019311727,0.005569051117306951
1859,0.0037804416019311727,0.005569051117306951
1860,0.0036806349682941527,0.005530868226063577
1861,0.0036806349682941527,0.005530868226063577
1862,0.003852160461400964,0.004105111768146154
1863,0.0037878926682793795,0.004089167580173762
1864,0.0036738146329528035,0.003837812862516821
1865,0.0037169256670442317,0.0038164400581043906
1866,0.004407839481697996,0.004818952950733532
1867,0.004407839481697996,0.004818952950733532
1868,0.004116429200975214,0.004512349450602071
1869,0.004116429200975214,0.004512349450602071
1870,0.003945901770085627,0.0043811130667394645
1871,0.004354721944508177,0.004782156569633167
1872,0.004354721944508177,0.004782156569633167
1873,0.004102801597882714,0.0058474490460879375
1874,0.0036512869560317157,0.005971188336071638
1875,0.004094334937657889,0.006259637710586661
1876,0.004094334937657889,0.006259637710586661
1877,0.004323329653840388,0.00614653148972199
1878,0.004675299900151573,0.005924158566516831
1879,0.004675299900151573,0.005924158566516831
1880,0.004669761356193725,0.005925676762971408
1881,0.004748412353367373,0.005908461991703002
1882,0.004060878128778624,0.005656982450032766
1883,0.0040608781287786245,0.005656982450032766
1884,0.003839426341539763,0.005507466248725188
1885,0.004440535792828037,0.005411870475437408
1886,0.004037154415702501,0.0038760164565059007
1887,0.004041505928622082,0.003876385854276069
1888,0.004063443914006617,0.00380130791536204
1889,0.004194164131567124,0.0038327102387052787
1890,0.004619754254955779,0.004286917467814864
1891,0.00421093408053323,0.00384360330884137
1892,0.004907669673166071,0.00441000923204191
1893,0.0046432194946598344,0.004042614602867527
1894,0.00465386357044628,0.004050398111312576
1895,0.004431778674489748,0.003731501864211429
1896,0.004597342708710121,0.003564125027195915
1897,0.004484788025432917,0.003516528697852409
1898,0.003703284791931722,0.00319810585968944
1899,0.003703284791931722,0.00319810585968944
1900,0.003703284791931722,0.00319810585968944
1901,0.003624633794758074,0.0031885177994457454
1902,0.004765705169609014,0.0040108360115910765
1903,0.0048128136567807235,0.0039569897745957
1904,0.0048128136567807235,0.0039569897745957
1905,0.004168593171401021,0.004159630575469292
1906,0.0035120790225949368,0.004439704484950236
1907,0.003984957479349483,0.004432130667949279
1908,0.004693864741155953,0.005459297274592094
1909,0.00482190565888071,0.0059324638308376546
1910,0.004396315535492056,0.0050714926132101445
1911,0.005032631435248495,0.00641002923067909
1912,0.005004867601185335,0.006391232391453088
1913,0.004868633126740031,0.006080283169109379
1914,0.005231453331407856,0.005957492243430005
1915,0.005010490245738216,0.005796270650309599
1916,0.00498162621647444,0.005535399926275226
1917,0.004865186183569143,0.005509532003349533
1918,0.005408785146111629,0.005407943220796964
1919,0.006587737646127999,0.007339268029825674
1920,0.006588682119799999,0.007339051001914454
1921,0.006588682119799999,0.007339051001914454
1922,0.005447610744949059,0.006093478647866257
1923,0.00540050225777735,0.006133459719325802
1924,0.00540050225777735,0.006133459719325802
1925,0.00540050225777735,0.006133459719325802
1926,0.005624345285378982,0.007038809680904175
1927,0.005147115315704855,0.007186675263567176
1928,0.004348625621293785,0.006259494588793349
1929,0.004089864486008522,0.006010357235788884
1930,0.004089864486008522,0.006010357235788884
1931,0.0038329550937940583,0.005612135401417865
1932,0.003163983335224378,0.005159974908893554
1933,0.0032692482370727366,0.005104797211055191
1934,0.003022097950865244,0.005131788363940505
1935,0.003704652545875631,0.006016684349624659
1936,0.0037603378538129998,0.005637612636632607
1937,0.0037603378538129998,0.005637612636632607
1938,0.003208068639333154,0.004635821004410516
1939,0.002134381041165142,0.002462112546362208
1940,0.002133436567493141,0.0024621255427170843
1941,0.003329695838252305,0.0037198255105736545
1942,0.003329695838252305,0.0037198255105736545
1943,0.003329695838252305,0.0037198255105736545
1944,0.003329695838252305,0.0037198255105736545
1945,0.003329695838252305,0.0037198255105736545
1946,0.0028865817560412106,0.0037639000081631916
1947,0.0028865817560412106,0.0037639000081631916
1948,0.0028865817560412106,0.0037639000081631916
1949,0.0028865817560412106,0.0037639000081631916
1950,0.003497698995574076,0.004726781108252003
1951,0.003133779716202591,0.004755565448739192
1952,0.003133779716202591,0.004755565448739192
1953,0.0030296695590184297,0.004811058797065653
1954,0.004619418649989824,0.007942150748845437
1955,0.003936938338775544,0.007471172274053013
1956,0.003744553025881577,0.007515655527924423
1957,0.003744553025881577,0.007515655527924423
1958,0.004357780755536987,0.007509252715407191
1959,0.00490161848205703,0.008005055560555516
1960,0.00490161848205703,0.008005055560555516
1961,0.0037053592112978664,0.0052529990562130025
1962,0.003715105630426021,0.005270896896306912
1963,0.0037750646450974866,0.0052446310038488314
1964,0.004209295971889298,0.006170552621281236
1965,0.004751275539730526,0.007132240186902594
1966,0.006228766785072031,0.007742380315480278
1967,0.007710625223264253,0.010422106747328682
1968,0.00771209496590341,0.010423698534223211
1969,0.00771209496590341,0.010423698534223211
1970,0.007100977726370546,0.00995150712395187
1971,0.007085490498200052,0.009961487468606596
1972,0.007085490498200052,0.009961487468606596
1973,0.007084335753535854,0.009958738346769979
1974,0.005470411097316244,0.009350911797111438
1975,0.005491631906019767,0.009368695909545864
1976,0.005534548629435124,0.009347146026763403
1977,0.005534548629435124,0.009347146026763403
1978,0.005975313281745859,0.00943259380967125
1979,0.005436193160272488,0.009216553504385694
1980,0.005840925132950812,0.009560721630978517
1981,0.005840925132950812,0.009560721630978517
1982,0.006227308281735575,0.009769997913457732
1983,0.00616734926706411,0.009704196047642456
1984,0.005733117940272299,0.009661438196516495
1985,0.005191213406568552,0.009813801151360014
1986,0.0036150041520173646,0.0062154966677068
1987,0.0021331457138251434,0.005019093434132466
1988,0.002132720301561499,0.005019273150277311
1989,0.002132720301561499,0.005019273150277311
1990,0.002132720301561499,0.005019273150277311
1991,0.002132720301561499,0.005019273150277311
1992,0.0022147800362203843,0.00498871646271614
1993,0.0023537372951971973,0.0053902083368465225
1994,0.0022515988661986367,0.005353704506788287
1995,0.0022303037736990054,0.005348274414643855
1996,0.0021873870502836486,0.005222007367220177
1997,0.0030734194438078043,0.005207470428698894
1998,0.002093809114885975,0.002521211389884888
1999,0.0019838266079909438,0.002423305101089043
